Model,Accuracy,Precision,Recall,F1-Score,ROC-AUC
Logistic Regression,0.6292857142857143,0.44592592592592595,0.6748878923766816,0.5370205173951829,0.6956054751765048
Decision Tree,0.6078571428571429,0.38876889848812096,0.40358744394618834,0.39603960396039606,0.5534708708200543
Random Forest,0.6742857142857143,0.48,0.26905829596412556,0.3448275862068966,0.6899248855421121
Random Forest (Tuned),0.685,0.5092250922509225,0.3094170403587444,0.38493723849372385,0.6890024066709911
